binomial,species_wfo,flag
Abies faxoniana,Abies fargesii,NA
Acer ginnala,Acer tataricum,NA
Acer semenovii,Acer tataricum,NA
Atriplex torreyi,Atriplex lentiformis,NA
Betula odorata,Betula pubescens,NA
Camphorosma lessingii,Camphorosma monspeliaca,NA
Cercocarpus betuloides,Cercocarpus betuloides,NA
Chrysothamnus nauseosus,Ericameria nauseosa,NA
Cupressus benthamii,Hesperocyparis benthamii,NA
Cybianthus magnoliifolius,Cybianthus fulvopulverulentus,NA
Jacquinia pungens,Bonellia macrocarpa,NA
Juniperus conferta,Juniperus rigida,NA
Krascheninnikovia lanata,Krascheninnikovia ceratoides,NA
Pinus pentaphylla,Pinus parviflora,NA
Prestoea montana,Prestoea acuminata,NA
Rhamnus fallax,Rhamnus fallax,NA
Thymus pannonicus,Thymus pulegioides,NA
Ulex jussiaei,Ulex jussiaei,NA
Acacia albida,Faidherbia albida,1
Acacia arabica,Acacia nilotica,1
Acacia tortillis,Acacia tortilis,1
Acanthosicyos horrida,Acanthosicyos horridus,1
Acanthyllis tragacanthoi,Acanthyllis tragacanthoides,1
Achyropsis greenwayi,Achyropsis fruticulosa,1
Adenostoma fasciculaturn,Adenostoma fasciculatum,1
Adesmia volckmanni,Adesmia volckmannii,1
Alnus viridis,Alnus alnobetula,1
Amygdalus orientalis,Prunus orientalis,1
Amygdalus pedunculata,Prunus pedunculata,1
Anabasis aretoides,Anabasis aretioides,1
Arctostaphylos alpina,Arctous alpina,1
Arctostaphylos glandalosa,Arctostaphylos glandulosa,1
Argythamnia mercurialina,Ditaxis mercurialina,1
Aristolochia giberti,Aristolochia gibertii,1
Armeniaca vulgaris,Prunus armeniaca,1
Artemeisia tridentata,Artemisia tridentata,1
Artemesia tridentata,Artemisia tridentata,1
Artemisia diffusa,Seriphidium diffusum,1
Artemisia monogyna,Artemisia santonicum,1
Artemisia spinescens,Picrothamnus desertorum,1
Arthrocnemum fruticosum,Sarcocornia fruticosa,1
Astragalus denudatus,Astracantha denudata,1
Astragalus micropterus,Astracantha microptera,1
Atriplex confertijolia,Atriplex confertifolia,1
Atriplex Halimus,Atriplex halimus,1
Baccharis glutinosa,Baccharis salicina,1
Baccharis rosmarinifolia,Baccharis linearis,1
Banksia hookeriarra,Banksia hookeriana,1
Berberis heterophylla,Berberis microphylla,1
Betula verrucosa,Betula pendula,1
Bouteloua eriopoda,Chondrosum eriopodum,1
Buchenavia and,Buchenavia grandis,1
Bulnesia schikendantzii,Bulnesia schickendantzii,1
Butea frondosa,Butea monosperma,1
Caatinga palms,Caatinganthus,1
Caesalpinia jamesii,Pomaria jamesii,1
Capparis yco,Colicodendron yco,1
Cassia siamea,Senna siamea,1
Ceanothus gregii,Ceanothus greggii,1
Ceanothus leucoderuis,Ceanothus leucodermis,1
Ceanothus olihgaitlis,Ceanothus oliganthus,1
Ceanothus ovatus,Ceanothus herbaceus,1
Chrysocoma tenuifolia,Galatella linosyris,1
Chrysopsis villosa,Heterotheca villosa,1
Cistus salvifolius,Cistus salviifolius,1
Cochlospermum insigne,Cochlospermum regium,1
Coiliguaya odorifera,Colliguaja odorifera,1
Colliguaya integerrima,Colliguaja integerrima,1
Colliguaya odorifera,Colliguaja odorifera,1
Correa rubra,Correa reflexa,1
Cotoneaster megalocarpa,Cotoneaster megalocarpus,1
Cowania stansburiana,Cowania stansburyana,1
Crataegus songorica,Crataegus songarica,1
Dialium engleranum,Dialium englerianum,1
Dicorynia quianensis,Dicorynia guianensis,1
Elytropappus rhinocerotis,Dicerothamnus rhinocerotis,1
Ephedra viriidis,Ephedra viridis,1
Erica carnea,Erica herbacea,1
Erica plukenettii,Erica plukenetii,1
Eriodictyon crasssifolium,Eriodictyon crassifolium,1
Eterolobium cyclocarpum,Enterolobium cyclocarpum,1
Eucalyptos grandis,Eucalyptus grandis,1
Eucalyptus calophylla,Corymbia calophylla,1
Eucalyptus camuldulensis,Eucalyptus camaldulensis,1
Eucalyptus citriodora,Corymbia citriodora,1
Eucalyptus diversicolour,Eucalyptus diversicolor,1
Eucalyptus signata,Eucalyptus racemosa,1
Euonymus europea,Euonymus europaeus,1
Euphorbia collina,Euphorbia arizonica,1
Eurotia ceratoides,Krascheninnikovia ceratoides,1
Eurycoma lonaifolia,Eurycoma longifolia,1
Fraxinus japonica,Fraxinus longicuspis,1
Gilia rigidula,Giliastrum rigidulum,1
Haloxylon aphyllum,Haloxylon ammodendron,1
Haloxylon articulatum,Haloxylon salicornicum,1
Haplopappus spinulosus,Xanthisma spinulosum,1
Hedyotis nigricans,Stenaria nigricans,1
Hippophae rhamnoides,Elaeagnus rhamnoides,1
Hulthemia berberifolia,Rosa berberifolia,1
Hymenoclea salsola,Ambrosia salsola,1
Juglans regig,Juglans regia,1
Juglans ruvestris,Juglans microcarpa,1
Juniperus turkestanica,Juniperus pseudosabina,1
Juniperus virginlana,Juniperus virginiana,1
Kochia prostrata,Bassia prostrata,1
Larix dahurica,Larix gmelinii,1
Larix leptolepis,Larix kaempferi,1
Lithraea caustica,Lithrea caustica,1
Lotus scoparius,Syrmatium glabrum,1
Lycium species,Athyrium species,1
Mendora spinescens,Menodora spinescens,1
Milicia excelsea,Milicia excelsa,1
Monotes africanus,Monotes africana,1
Nephelium litchi,Litchi chinensis,1
Nothofagus pumilo,Nothofagus pumilio,1
Ougeinia oojeinensis,Desmodium oojeinense,1
Pentaphylloides floribunda,Dasiphora fruticosa,1
Phlomis oreophila,Phlomoides oreophila,1
Phyllanthus muelleranus,Phyllanthus muellerianus,1
Picea Canadensis,Tsuga canadensis,1
Piliostigma thonningii,Bauhinia thonningii,1
Pinus Banksiana,Pinus banksiana,1
Pinus Radiata,Pinus radiata,1
Pinus tabulaeformis,Pinus tabuliformis,1
Podocarpus nagi,Nageia nagi,1
Populus euramericana,Populus x canadensis,1
Prosopis Glandulosa,Prosopis glandulosa,1
Prunus amygdalus,Prunus dulcis,1
Prunus sarotina,Prunus serotina,1
Prunus yedoensis,Cerasus yedoensis,1
Psidium gurava,Psidium guajava,1
Quercus borealis,Quercus petraea,1
Quercus calliprinos,Quercus coccifera,1
Quercus gambeli,Quercus gambelii,1
Quercus prinus,Quercus michauxii,1
Quercus wislizenii,Quercus wislizeni,1
Querucs cerris,Quercus cerris,1
Reaumuria songarica,Reaumuria soongarica,1
Rhus copallina,Rhus copallinum,1
Robinia pseudacacia,Robinia pseudoacacia,1
Rosa humilis,Rosa pygmaea,1
Sabina virginiana,Juniperus virginiana,1
Salazaria mexicana,Scutellaria mexicana,1
Salix elaeagnos,Salix eleagnos,1
Salsola baryosma,Salsola imbricata,1
Salsola dschungarica,Salsola dshungarica,1
Salsola rigida,Salsola orientalis,1
Satureja gilliesii,Clinopodium chilense,1
Scholtzia involucrata,Scholtzia obovata,1
Senecio filagionoides,Senecio filaginoides,1
Sequoia giganteum,Sequoiadendron giganteum,1
Sida grewioides,Sida ovata,1
Simarouba versicolorA,Simarouba versicolor,1
Sphaeralcea parviflora,Sphaeralcea parvifolia,1
Spyridium subochreatum,Cryptandra subochreata,1
Stryphnodendron barbatimao,Stryphnodendron adstringens,1
Stryphnodendron Barbatimao,Stryphnodendron adstringens,1
Symphoricarpus albus,Symphoricarpos albus,1
Syringia vulgaris,Syringa vulgaris,1
Syzygium afromontanum,Satyrium afromontanum,1
Syzygium macrocarpum,Syzygium megacarpum,1
Talinum angustissimum,Phemeranthus aurantiacus,1
Talinurn angustissimun,Phemeranthus aurantiacus,1
Talisia oliviformis,Melicoccus oliviformis,1
Tectonia grandis,Tectona grandis,1
Thamonosma montana,Thamnosma montana,1
Thujopsis dolobrata,Thujopsis dolabrata,1
Thymus capitatus,Thymbra capitata,1
Thymus pulegioide,Thymus pulegioides,1
Tsuga diversijolia,Tsuga diversifolia,1
Ulmus montana,Ulmus glabra,1
Vaccinium gaultherioides,Vaccinium uliginosum,1
Vismia glaziovii,Vismia gracilis,1
Wendlandia exserta,Wendlandia heynei,1
Yucca whipplei,Hesperoyucca whipplei,1
Ziziphus jujube,Ziziphus jujuba,1
Ziziphus mauretania,Ziziphus mauritiana,1
Zygophyllum album,Tetraena alba,1
Zygophyllum rosovii,Zygophyllum rosowii,1
Zygophyllum stapffii,Tetraena stapfii,1
Abies alba,Abies alba,0
Abies balsamea,Abies balsamea,0
Abies firma,Abies firma,0
Abies homolepis,Abies homolepis,0
Abies mariesii,Abies mariesii,0
Abies sachalinensis,Abies sachalinensis,0
Abies veitchii,Abies veitchii,0
Acacia amythethophylla,Acacia amythethophylla,0
Acacia auriculiformis,Acacia auriculiformis,0
Acacia barbinervis,Acacia barbinervis,0
Acacia bussei,Acacia bussei,0
Acacia catechu,Acacia catechu,0
Acacia edgeworthii,Acacia edgeworthii,0
Acacia eriocarpa,Acacia eriocarpa,0
Acacia erioloba,Acacia erioloba,0
Acacia fleckii,Acacia fleckii,0
Acacia gerrardii,Acacia gerrardii,0
Acacia goetzei,Acacia goetzei,0
Acacia hockii,Acacia hockii,0
Acacia huegelii,Acacia huegelii,0
Acacia luederitzii,Acacia luederitzii,0
Acacia mangium,Acacia mangium,0
Acacia mearnsii,Acacia mearnsii,0
Acacia mellifera,Acacia mellifera,0
Acacia nigrescens,Acacia nigrescens,0
Acacia nilotica,Acacia nilotica,0
Acacia polyacantha,Acacia polyacantha,0
Acacia pulchella,Acacia pulchella,0
Acacia reficiens,Acacia reficiens,0
Acacia robusta,Acacia robusta,0
Acacia senegal,Acacia senegal,0
Acacia seyal,Acacia seyal,0
Acacia sieberiana,Acacia sieberiana,0
Acacia tortilis,Acacia tortilis,0
Acamptopappus shockleyi,Acamptopappus shockleyi,0
Acamptopappus sphaerocephalus,Acamptopappus sphaerocephalus,0
Acantholimon alatavicum,Acantholimon alatavicum,0
Acer campestre,Acer campestre,0
Acer negundo,Acer negundo,0
Acer platanoides,Acer platanoides,0
Acer pseudoplatanus,Acer pseudoplatanus,0
Acer rubrum,Acer rubrum,0
Acer saccharinum,Acer saccharinum,0
Acer saccharum,Acer saccharum,0
Adansonia digitata,Adansonia digitata,0
Adenanthos cygnorum,Adenanthos cygnorum,0
Adenanthos terminalis,Adenanthos terminalis,0
Adenostoma fasciculatum,Adenostoma fasciculatum,0
Adenostoma sparsifolium,Adenostoma sparsifolium,0
Adesmia boronioides,Adesmia boronioides,0
Aerva javanica,Aerva javanica,0
Aesculus glabra,Aesculus glabra,0
Aesculus hippocastanum,Aesculus hippocastanum,0
Ajania fruticulosa,Ajania fruticulosa,0
Albizia amara,Albizia amara,0
Albizia lebbeck,Albizia lebbeck,0
Albizia versicolor,Albizia versicolor,0
Alchornea trewioides,Alchornea trewioides,0
Allenrolfea occidentalis,Allenrolfea occidentalis,0
Allocasuarina humilis,Allocasuarina humilis,0
Allocasuarina muelleriana,Allocasuarina muelleriana,0
Allocasuarina pusilla,Allocasuarina pusilla,0
Alnus glutinosa,Alnus glutinosa,0
Alnus incana,Alnus incana,0
Ambrosia deltoidea,Ambrosia deltoidea,0
Ambrosia dumosa,Ambrosia dumosa,0
Amelanchier ovalis,Amelanchier ovalis,0
Amelanchier sanguinea,Amelanchier sanguinea,0
Amelanchier utahensis,Amelanchier utahensis,0
Ammodendron conollyi,Ammodendron conollyi,0
Ammopiptanthus mongolicus,Ammopiptanthus mongolicus,0
Amorpha canescens,Amorpha canescens,0
Amygdalus mongolica,Amygdalus mongolica,0
Anabasis aphylla,Anabasis aphylla,0
Anabasis articulata,Anabasis articulata,0
Anabasis brevifolia,Anabasis brevifolia,0
Anabasis salsa,Anabasis salsa,0
Anabasis setifera,Anabasis setifera,0
Anabasis syriaca,Anabasis syriaca,0
Anacardium excelsum,Anacardium excelsum,0
Andersonia heterophylla,Andersonia heterophylla,0
Andira humilis,Andira humilis,0
Andromeda polifolia,Andromeda polifolia,0
Anisophyllea disticha,Anisophyllea disticha,0
Annona dioica,Annona dioica,0
Annona squamosa,Annona squamosa,0
Anthyllis cytisoides,Anthyllis cytisoides,0
Anthyllis henoniana,Anthyllis henoniana,0
Antiaris toxicaria,Antiaris toxicaria,0
Aotus ericoides,Aotus ericoides,0
Apodytes dimidiata,Apodytes dimidiata,0
Araucaria araucana,Araucaria araucana,0
Araucaria cunninghamii,Araucaria cunninghamii,0
Arbutus unedo,Arbutus unedo,0
Arctostaphylos glandulosa,Arctostaphylos glandulosa,0
Arctostaphylos glauca,Arctostaphylos glauca,0
Arctostaphylos glutinosa,Arctostaphylos glutinosa,0
Arctostaphylos pallida,Arctostaphylos pallida,0
Arctostaphylos patula,Arctostaphylos patula,0
Arctostaphylos uva-ursi,Arctostaphylos uva-ursi,0
Argyrolobium uniflorum,Argyrolobium uniflorum,0
Artemisia abrotanum,Artemisia abrotanum,0
Artemisia arenaria,Artemisia arenaria,0
Artemisia badhysi,Artemisia badhysi,0
Artemisia campestris,Artemisia campestris,0
Artemisia cana,Artemisia cana,0
Artemisia filifolia,Artemisia filifolia,0
Artemisia frigida,Artemisia frigida,0
Artemisia gracilescens,Artemisia gracilescens,0
Artemisia halophila,Artemisia halophila,0
Artemisia herba-alba,Artemisia herba-alba,0
Artemisia kemrudica,Artemisia kemrudica,0
Artemisia lerchiana,Artemisia lerchiana,0
Artemisia monosperma,Artemisia monosperma,0
Artemisia pauciflora,Artemisia pauciflora,0
Artemisia rhodantha,Artemisia rhodantha,0
Artemisia santolinifolia,Artemisia santolinifolia,0
Artemisia santonica,Artemisia santonica,0
Artemisia scoparia,Artemisia scoparia,0
Artemisia semiarida,Artemisia semiarida,0
Artemisia sogdiana,Artemisia sogdiana,0
Artemisia songarica,Artemisia songarica,0
Artemisia sphaerocephala,Artemisia sphaerocephala,0
Artemisia taurica,Artemisia taurica,0
Artemisia terrae-albae,Artemisia terrae-albae,0
Artemisia tianschanica,Artemisia tianschanica,0
Artemisia tridentata,Artemisia tridentata,0
Artemisia turanica,Artemisia turanica,0
Arthraerua leubnitziae,Arthraerua leubnitziae,0
Arthrophytum iliense,Arthrophytum iliense,0
Arthrophytum longibracteatum,Arthrophytum longibracteatum,0
Aspidosperma quebracho-blanco,Aspidosperma quebracho-blanco,0
Astartea fascicularis,Astartea fascicularis,0
Asterothamnus centrali-asiaticus,Asterothamnus centrali-asiaticus,0
Astragalus longipetiolatus,Astragalus longipetiolatus,0
Astragalus paucijugus,Astragalus paucijugus,0
Astragalus unifoliolatus,Astragalus unifoliolatus,0
Astroloma conostephioides,Astroloma conostephioides,0
Astroloma xerophyllum,Astroloma xerophyllum,0
Atractylis serratuloides,Atractylis serratuloides,0
Atriplex cana,Atriplex cana,0
Atriplex canescens,Atriplex canescens,0
Atriplex confertifolia,Atriplex confertifolia,0
Atriplex glauca,Atriplex glauca,0
Atriplex halimus,Atriplex halimus,0
Atriplex lampa,Atriplex lampa,0
Atriplex nummularia,Atriplex nummularia,0
Atriplex nuttallii,Atriplex nuttallii,0
Attalea exigua,Attalea exigua,0
Azadirachta indica,Azadirachta indica,0
Azanza garckeana,Azanza garckeana,0
Baccaurea ramiflora,Baccaurea ramiflora,0
Baccharis pilularis,Baccharis pilularis,0
Baikiaea plurijuga,Baikiaea plurijuga,0
Balanites aegyptiaca,Balanites aegyptiaca,0
Banksia attenuata,Banksia attenuata,0
Banksia ilicifolia,Banksia ilicifolia,0
Banksia marginata,Banksia marginata,0
Banksia ornata,Banksia ornata,0
Banksia prionotes,Banksia prionotes,0
Baphia massaiensis,Baphia massaiensis,0
Bassia arabica,Bassia arabica,0
Bauhinia petersiana,Bauhinia petersiana,0
Bauhinia purpurea,Bauhinia purpurea,0
Bauhinia variegata,Bauhinia variegata,0
Berberis nervosa,Berberis nervosa,0
Berberis repens,Berberis repens,0
Berberis vulgaris,Berberis vulgaris,0
Betula humilis,Betula humilis,0
Betula nana,Betula nana,0
Betula papyrifera,Betula papyrifera,0
Betula pendula,Betula pendula,0
Betula pubescens,Betula pubescens,0
Betula utilis,Betula utilis,0
Blepharispermum fruticosum,Blepharispermum fruticosum,0
Bombax ceiba,Bombax ceiba,0
Bombax costatum,Bombax costatum,0
Borassus aethiopum,Borassus aethiopum,0
Boronia coerulescens,Boronia coerulescens,0
Boscia albitrunca,Boscia albitrunca,0
Bossiaea eriocarpa,Bossiaea eriocarpa,0
Bowdichia virgilioides,Bowdichia virgilioides,0
Brachanthemum gobicum,Brachanthemum gobicum,0
Brachyclados caespitosus,Brachyclados caespitosus,0
Brachystegia boehmii,Brachystegia boehmii,0
Brachystegia floribunda,Brachystegia floribunda,0
Brachystegia longifolia,Brachystegia longifolia,0
Brachystegia spiciformis,Brachystegia spiciformis,0
Brachystegia utilis,Brachystegia utilis,0
Brickellia eupatorioides,Brickellia eupatorioides,0
Bridelia ferruginea,Bridelia ferruginea,0
Brosimum alicastrum,Brosimum alicastrum,0
Brosimum rubescens,Brosimum rubescens,0
Burkea africana,Burkea africana,0
Bursera excelsa,Bursera excelsa,0
Bursera simaruba,Bursera simaruba,0
Byrsonima crassifolia,Byrsonima crassifolia,0
Byrsonima cydoniifolia,Byrsonima cydoniifolia,0
Caesalpinia pyramidalis,Caesalpinia pyramidalis,0
Calligonum aphyllum,Calligonum aphyllum,0
Calligonum caput-medusae,Calligonum caput-medusae,0
Calligonum comosum,Calligonum comosum,0
Calligonum eriopodum,Calligonum eriopodum,0
Calligonum polygonoides,Calligonum polygonoides,0
Calligonum rubens,Calligonum rubens,0
Calligonum setosum,Calligonum setosum,0
Calluna vulgaris,Calluna vulgaris,0
Calotropis procera,Calotropis procera,0
Calytrix alpestris,Calytrix alpestris,0
Calytrix flavescens,Calytrix flavescens,0
Calytrix fraseri,Calytrix fraseri,0
Calytrix sapphirina,Calytrix sapphirina,0
Capparis decidua,Capparis decidua,0
Caragana arborescens,Caragana arborescens,0
Caragana balchaschensis,Caragana balchaschensis,0
Caragana brachypoda,Caragana brachypoda,0
Caragana leucophloea,Caragana leucophloea,0
Caragana tragacanthoides,Caragana tragacanthoides,0
Carapa procera,Carapa procera,0
Cariniana pyriformis,Cariniana pyriformis,0
Carpinus betulus,Carpinus betulus,0
Carya cordiformis,Carya cordiformis,0
Carya floridana,Carya floridana,0
Carya ovata,Carya ovata,0
Caryocar brasiliense,Caryocar brasiliense,0
Casearia sylvestris,Casearia sylvestris,0
Castanea sativa,Castanea sativa,0
Castanopsis chinensis,Castanopsis chinensis,0
Catalpa speciosa,Catalpa speciosa,0
Ceanothus crassifolius,Ceanothus crassifolius,0
Ceanothus greggii,Ceanothus greggii,0
Ceanothus herbaceus,Ceanothus herbaceus,0
Ceanothus leucodermis,Ceanothus leucodermis,0
Ceanothus megacarpus,Ceanothus megacarpus,0
Ceanothus oliganthus,Ceanothus oliganthus,0
Ceanothus spinosus,Ceanothus spinosus,0
Cecropia distachya,Cecropia distachya,0
Cecropia ficifolia,Cecropia ficifolia,0
Cecropia pachystachya,Cecropia pachystachya,0
Cecropia sciadophylla,Cecropia sciadophylla,0
Cedrus deodara,Cedrus deodara,0
Celtis laevigata,Celtis laevigata,0
Celtis mildbraedii,Celtis mildbraedii,0
Celtis occidentalis,Celtis occidentalis,0
Celtis pallida,Celtis pallida,0
Cercis canadensis,Cercis canadensis,0
Cercocarpus montanus,Cercocarpus montanus,0
Chaetopappa ericoides,Chaetopappa ericoides,0
Chamaecyparis lawsoniana,Chamaecyparis lawsoniana,0
Chamaecyparis obtusa,Chamaecyparis obtusa,0
Chamaecyparis pisifera,Chamaecyparis pisifera,0
Chamaespartium tridentatum,Chamaespartium tridentatum,0
Christolea crassifolia,Christolea crassifolia,0
Chrysothamnus viscidiflorus,Chrysothamnus viscidiflorus,0
Chuquiraga avellanedae,Chuquiraga avellanedae,0
Cistus crispus,Cistus crispus,0
Citrullus colocynthis,Citrullus colocynthis,0
Citrus medica,Citrus medica,0
Clathrotropis macrocarpa,Clathrotropis macrocarpa,0
Clethra revoluta,Clethra revoluta,0
Cliffortia ruscifolia,Cliffortia ruscifolia,0
Clusia fockeana,Clusia fockeana,0
Coleogyne ramosissima,Coleogyne ramosissima,0
Colliguaja odorifera,Colliguaja odorifera,0
Colophospermum mopane,Colophospermum mopane,0
Combretum adenogonium,Combretum adenogonium,0
Combretum apiculatum,Combretum apiculatum,0
Combretum celastroides,Combretum celastroides,0
Combretum collinum,Combretum collinum,0
Combretum elaeagnoides,Combretum elaeagnoides,0
Combretum hereroense,Combretum hereroense,0
Combretum imberbe,Combretum imberbe,0
Combretum zeyheri,Combretum zeyheri,0
Commiphora africana,Commiphora africana,0
Commiphora ancistrophora,Commiphora ancistrophora,0
Commiphora erythraea,Commiphora erythraea,0
Commiphora glandulosa,Commiphora glandulosa,0
Commiphora mollis,Commiphora mollis,0
Commiphora mossambicensis,Commiphora mossambicensis,0
Commiphora saxicola,Commiphora saxicola,0
Commiphora tenuipetiolata,Commiphora tenuipetiolata,0
Commiphora ugogensis,Commiphora ugogensis,0
Comptonia peregrina,Comptonia peregrina,0
Condalia microphylla,Condalia microphylla,0
Condalia spathulata,Condalia spathulata,0
Conospermum incurvum,Conospermum incurvum,0
Conostephium minus,Conostephium minus,0
Conostephium pendulum,Conostephium pendulum,0
Convolvulus fruticosus,Convolvulus fruticosus,0
Convolvulus lanatus,Convolvulus lanatus,0
Convolvulus prostratus,Convolvulus prostratus,0
Convolvulus tragacanthoides,Convolvulus tragacanthoides,0
Cordia dodecandra,Cordia dodecandra,0
Cornulaca monacantha,Cornulaca monacantha,0
Cornus alternifolia,Cornus alternifolia,0
Cornus sanguinea,Cornus sanguinea,0
Coronilla vaginalis,Coronilla vaginalis,0
Corylus americana,Corylus americana,0
Corylus avellana,Corylus avellana,0
Covillea tridentata,Covillea tridentata,0
Crataegus mollis,Crataegus mollis,0
Crataegus monogyna,Crataegus monogyna,0
Crossopteryx febrifuga,Crossopteryx febrifuga,0
Crotalaria burhia,Crotalaria burhia,0
Cryptandra tomentosa,Cryptandra tomentosa,0
Cryptocarya alba,Cryptocarya alba,0
Cryptomeria japonica,Cryptomeria japonica,0
Cunninghamia lanceolata,Cunninghamia lanceolata,0
Cupressus lusitanica,Cupressus lusitanica,0
Cupressus macrocarpa,Cupressus macrocarpa,0
Curatella americana,Curatella americana,0
Cycas revoluta,Cycas revoluta,0
Cytisus multiflorus,Cytisus multiflorus,0
Cytisus striatus,Cytisus striatus,0
Dalbergia sissoo,Dalbergia sissoo,0
Dalea candida,Dalea candida,0
Dalea purpurea,Dalea purpurea,0
Dalea villosa,Dalea villosa,0
Daphne gnidium,Daphne gnidium,0
Daphne mezereum,Daphne mezereum,0
Daphne striata,Daphne striata,0
Daviesia brevifolia,Daviesia brevifolia,0
Daviesia gracilis,Daviesia gracilis,0
Davilla kunthii,Davilla kunthii,0
Dendrostellera ammodendron,Dendrostellera ammodendron,0
Deverra tortuosa,Deverra tortuosa,0
Dichrostachys cinerea,Dichrostachys cinerea,0
Dicorynia guianensis,Dicorynia guianensis,0
Dillwynia hispida,Dillwynia hispida,0
Dimorphandra conjugata,Dimorphandra conjugata,0
Diospyros hispida,Diospyros hispida,0
Diospyros lycioides,Diospyros lycioides,0
Diplacus longiflorus,Diplacus longiflorus,0
Diplorhynchus condylocarpon,Diplorhynchus condylocarpon,0
Dipterocarpus costatus,Dipterocarpus costatus,0
Dipteryx alata,Dipteryx alata,0
Dombeya rotundifolia,Dombeya rotundifolia,0
Dryas octopetala,Dryas octopetala,0
Echiochilon fruticosum,Echiochilon fruticosum,0
Elaeagnus angustifolia,Elaeagnus angustifolia,0
Elaeis guineensis,Elaeis guineensis,0
Empetrum nigrum,Empetrum nigrum,0
Encelia farinosa,Encelia farinosa,0
Endospermum diadenum,Endospermum diadenum,0
Entada wahlbergii,Entada wahlbergii,0
Entandrophragma caudatum,Entandrophragma caudatum,0
Entandrophragma cylindricum,Entandrophragma cylindricum,0
Enterolobium cyclocarpum,Enterolobium cyclocarpum,0
Eperua falcata,Eperua falcata,0
Ephedra alata,Ephedra alata,0
Ephedra distachya,Ephedra distachya,0
Ephedra nevadensis,Ephedra nevadensis,0
Ephedra strobilacea,Ephedra strobilacea,0
Ephedra torreyana,Ephedra torreyana,0
Ephedra trifurca,Ephedra trifurca,0
Eremaea beaufortioides,Eremaea beaufortioides,0
Eremaea pauciflora,Eremaea pauciflora,0
Eremosparton aphyllum,Eremosparton aphyllum,0
Erica arborea,Erica arborea,0
Erica australis,Erica australis,0
Erica lusitanica,Erica lusitanica,0
Erica plukenetii,Erica plukenetii,0
Erica scoparia,Erica scoparia,0
Erica umbellata,Erica umbellata,0
Ericameria cooperi,Ericameria cooperi,0
Ericameria nauseosa,Ericameria nauseosa,0
Ericameria teretifolia,Ericameria teretifolia,0
Eriobotrya japonica,Eriobotrya japonica,0
Eriogonum effusum,Eriogonum effusum,0
Eriogonum fasciculatum,Eriogonum fasciculatum,0
Eriogonum heracleoides,Eriogonum heracleoides,0
Eriogonum jamesii,Eriogonum jamesii,0
Eriogonum microthecum,Eriogonum microthecum,0
Eriogonum niveum,Eriogonum niveum,0
Eriosema crinitum,Eriosema crinitum,0
Eriosema violaceum,Eriosema violaceum,0
Eriostemon spicatus,Eriostemon spicatus,0
Erythrina melanacantha,Erythrina melanacantha,0
Erythrophleum africanum,Erythrophleum africanum,0
Erythrophleum chlorostachys,Erythrophleum chlorostachys,0
Eucalyptus alba,Eucalyptus alba,0
Eucalyptus astringens,Eucalyptus astringens,0
Eucalyptus camaldulensis,Eucalyptus camaldulensis,0
Eucalyptus diversicolor,Eucalyptus diversicolor,0
Eucalyptus globulus,Eucalyptus globulus,0
Eucalyptus gomphocephala,Eucalyptus gomphocephala,0
Eucalyptus grandis,Eucalyptus grandis,0
Eucalyptus horistes,Eucalyptus horistes,0
Eucalyptus kochii,Eucalyptus kochii,0
Eucalyptus loxophleba,Eucalyptus loxophleba,0
Eucalyptus marginata,Eucalyptus marginata,0
Eucalyptus pileata,Eucalyptus pileata,0
Eucalyptus polybractea,Eucalyptus polybractea,0
Eucalyptus populnea,Eucalyptus populnea,0
Eucalyptus regnans,Eucalyptus regnans,0
Eucalyptus saligna,Eucalyptus saligna,0
Eucalyptus sideroxylon,Eucalyptus sideroxylon,0
Eucalyptus tereticornis,Eucalyptus tereticornis,0
Eucalyptus tetrodonta,Eucalyptus tetrodonta,0
Eucalyptus umbra,Eucalyptus umbra,0
Eucalyptus viminalis,Eucalyptus viminalis,0
Euchilopsis linearis,Euchilopsis linearis,0
Eugenia punicifolia,Eugenia punicifolia,0
Euphorbia burmanni,Euphorbia burmanni,0
Euterpe oleracea,Euterpe oleracea,0
Euterpe precatoria,Euterpe precatoria,0
Evolvulus nuttallianus,Evolvulus nuttallianus,0
Fagonia arabica,Fagonia arabica,0
Fagonia cretica,Fagonia cretica,0
Fagonia mollis,Fagonia mollis,0
Fagraea racemosa,Fagraea racemosa,0
Fagus crenata,Fagus crenata,0
Fagus grandifolia,Fagus grandifolia,0
Fagus sylvatica,Fagus sylvatica,0
Faidherbia albida,Faidherbia albida,0
Fallugia paradoxa,Fallugia paradoxa,0
Faramea occidentalis,Faramea occidentalis,0
Farsetia aegyptia,Farsetia aegyptia,0
Faurea saligna,Faurea saligna,0
Ficus benghalensis,Ficus benghalensis,0
Ficus cotinifolia,Ficus cotinifolia,0
Ficus pertusa,Ficus pertusa,0
Ficus religiosa,Ficus religiosa,0
Ficus sycomorus,Ficus sycomorus,0
Flourensia cernua,Flourensia cernua,0
Flueggea virosa,Flueggea virosa,0
Fouquieria splendens,Fouquieria splendens,0
Frangula alnus,Frangula alnus,0
Frankenia hirsuta,Frankenia hirsuta,0
Fraxinus americana,Fraxinus americana,0
Fraxinus angustifolia,Fraxinus angustifolia,0
Fraxinus anomala,Fraxinus anomala,0
Fraxinus excelsior,Fraxinus excelsior,0
Fraxinus ornus,Fraxinus ornus,0
Fraxinus pennsylvanica,Fraxinus pennsylvanica,0
Fraxinus velutina,Fraxinus velutina,0
Galenia africana,Galenia africana,0
Galium boreale,Galium boreale,0
Genista germanica,Genista germanica,0
Genista radiata,Genista radiata,0
Genista tinctoria,Genista tinctoria,0
Ginkgo biloba,Ginkgo biloba,0
Gironniera subaequalis,Gironniera subaequalis,0
Gleditsia triacanthos,Gleditsia triacanthos,0
Gompholobium tomentosum,Gompholobium tomentosum,0
Gossypium arboreum,Gossypium arboreum,0
Goupia glabra,Goupia glabra,0
Graffenrieda emarginata,Graffenrieda emarginata,0
Grayia spinosa,Grayia spinosa,0
Grevillea robusta,Grevillea robusta,0
Grewia monticola,Grewia monticola,0
Grewia optiva,Grewia optiva,0
Guaiacum angustifolium,Guaiacum angustifolium,0
Guibourtia coleosperma,Guibourtia coleosperma,0
Guiera senegalensis,Guiera senegalensis,0
Gutierrezia microcephala,Gutierrezia microcephala,0
Gutierrezia sarothrae,Gutierrezia sarothrae,0
Gymnocarpos decander,Gymnocarpos decander,0
Halocnemum strobilaceum,Halocnemum strobilaceum,0
Halostachys belangeriana,Halostachys belangeriana,0
Halothamnus acutifolius,Halothamnus acutifolius,0
Halothamnus subaphyllus,Halothamnus subaphyllus,0
Haloxylon ammodendron,Haloxylon ammodendron,0
Haloxylon persicum,Haloxylon persicum,0
Haloxylon salicornicum,Haloxylon salicornicum,0
Haloxylon scoparium,Haloxylon scoparium,0
Haloxylon tamariscifolium,Haloxylon tamariscifolium,0
Haplophyllum tuberculatum,Haplophyllum tuberculatum,0
Helianthemum lippii,Helianthemum lippii,0
Heliotropium pycnophyllum,Heliotropium pycnophyllum,0
Heliotropium rotundifolium,Heliotropium rotundifolium,0
Hemiandra pungens,Hemiandra pungens,0
Henophyton deserti,Henophyton deserti,0
Hertia pallens,Hertia pallens,0
Heteromeles arbutifolia,Heteromeles arbutifolia,0
Hibbertia aurea,Hibbertia aurea,0
Hibbertia helianthemoides,Hibbertia helianthemoides,0
Hibbertia huegelii,Hibbertia huegelii,0
Hibbertia hypericoides,Hibbertia hypericoides,0
Hibbertia sericea,Hibbertia sericea,0
Hibbertia stricta,Hibbertia stricta,0
Hibbertia subvaginata,Hibbertia subvaginata,0
Himatanthus articulatus,Himatanthus articulatus,0
Hirpicium alienatum,Hirpicium alienatum,0
Hirtella triandra,Hirtella triandra,0
Humiria balsamifera,Humiria balsamifera,0
Hybanthus prunifolius,Hybanthus prunifolius,0
Hydrangea paniculata,Hydrangea paniculata,0
Hymenocardia acida,Hymenocardia acida,0
Hymenoxys richardsonii,Hymenoxys richardsonii,0
Hyoscyamus muticus,Hyoscyamus muticus,0
Hypocalymma angustifolium,Hypocalymma angustifolium,0
Hyptis atrorubens,Hyptis atrorubens,0
Ilex aquifolium,Ilex aquifolium,0
Ilex crenata,Ilex crenata,0
Indigofera ruspolii,Indigofera ruspolii,0
Indigofera spinosa,Indigofera spinosa,0
Iphiona rotundifolia,Iphiona rotundifolia,0
Ipomoea leptophylla,Ipomoea leptophylla,0
Isoberlinia angolensis,Isoberlinia angolensis,0
Isocoma tenuisecta,Isocoma tenuisecta,0
Jacaranda decurrens,Jacaranda decurrens,0
Jamesbrittenia albiflora,Jamesbrittenia albiflora,0
Jatropha curcas,Jatropha curcas,0
Juglans cinerea,Juglans cinerea,0
Juglans microcarpa,Juglans microcarpa,0
Juglans nigra,Juglans nigra,0
Juglans regia,Juglans regia,0
Julbernardia globiflora,Julbernardia globiflora,0
Julbernardia paniculata,Julbernardia paniculata,0
Juniperus ashei,Juniperus ashei,0
Juniperus chinensis,Juniperus chinensis,0
Juniperus communis,Juniperus communis,0
Juniperus monosperma,Juniperus monosperma,0
Juniperus phoenicea,Juniperus phoenicea,0
Juniperus procumbens,Juniperus procumbens,0
Juniperus rigida,Juniperus rigida,0
Juniperus sabina,Juniperus sabina,0
Juniperus scopulorum,Juniperus scopulorum,0
Juniperus semiglobosa,Juniperus semiglobosa,0
Juniperus taxifolia,Juniperus taxifolia,0
Juniperus virginiana,Juniperus virginiana,0
Kalidium gracile,Kalidium gracile,0
Kalmia angustifolia,Kalmia angustifolia,0
Keteleeria davidiana,Keteleeria davidiana,0
Kickxia aegyptiaca,Kickxia aegyptiaca,0
Kirkia acuminata,Kirkia acuminata,0
Koeberlinia spinosa,Koeberlinia spinosa,0
Krameria lanceolata,Krameria lanceolata,0
Krameria parvifolia,Krameria parvifolia,0
Krascheninnikovia ceratoides,Krascheninnikovia ceratoides,0
Krascheninnikovia ewersmanniana,Krascheninnikovia ewersmanniana,0
Laburnum alpinum,Laburnum alpinum,0
Lannea humilis,Lannea humilis,0
Lantana camara,Lantana camara,0
Larix decidua,Larix decidua,0
Larix kaempferi,Larix kaempferi,0
Larix laricina,Larix laricina,0
Larix occidentalis,Larix occidentalis,0
Larix sibirica,Larix sibirica,0
Larrea divaricata,Larrea divaricata,0
Larrea tridentata,Larrea tridentata,0
Lavandula stoechas,Lavandula stoechas,0
Lechenaultia floribunda,Lechenaultia floribunda,0
Ledum palustre,Ledum palustre,0
Leptadenia pyrotechnica,Leptadenia pyrotechnica,0
Leptospermum myrsinoides,Leptospermum myrsinoides,0
Leucadendron laureolum,Leucadendron laureolum,0
Leucadendron salignum,Leucadendron salignum,0
Leucaena leucocephala,Leucaena leucocephala,0
Leucopogon conostephioides,Leucopogon conostephioides,0
Leucopogon costatus,Leucopogon costatus,0
Leucopogon sprengelioides,Leucopogon sprengelioides,0
Leucopogon woodsii,Leucopogon woodsii,0
Licania incana,Licania incana,0
Ligustrum vulgare,Ligustrum vulgare,0
Linnaea borealis,Linnaea borealis,0
Liquidambar styraciflua,Liquidambar styraciflua,0
Loiseleuria procumbens,Loiseleuria procumbens,0
Lonicera tatarica,Lonicera tatarica,0
Lonicera xylosteum,Lonicera xylosteum,0
Lycium andersonii,Lycium andersonii,0
Lycium berlandieri,Lycium berlandieri,0
Lycium chilense,Lycium chilense,0
Lycium pallidum,Lycium pallidum,0
Lygos raetam,Lygos raetam,0
Machaeranthera pinnatifida,Machaeranthera pinnatifida,0
Maclura pomifera,Maclura pomifera,0
Magnolia virginiana,Magnolia virginiana,0
Malosma laurina,Malosma laurina,0
Malus baccata,Malus baccata,0
Malus domestica,Malus domestica,0
Malus sieversii,Malus sieversii,0
Malus sylvestris,Malus sylvestris,0
Mangifera indica,Mangifera indica,0
Manihot esculenta,Manihot esculenta,0
Markhamia obtusifolia,Markhamia obtusifolia,0
Marlierea montana,Marlierea montana,0
Marquesia macroura,Marquesia macroura,0
Mausolea eriocarpa,Mausolea eriocarpa,0
Melaleuca halmaturorum,Melaleuca halmaturorum,0
Melaleuca quinquenervia,Melaleuca quinquenervia,0
Melaleuca scabra,Melaleuca scabra,0
Melaleuca seriata,Melaleuca seriata,0
Melia azedarach,Melia azedarach,0
Menodora spinescens,Menodora spinescens,0
Metasequoia glyptostroboides,Metasequoia glyptostroboides,0
Miconia poeppigii,Miconia poeppigii,0
Milicia excelsa,Milicia excelsa,0
Millingtonia hortensis,Millingtonia hortensis,0
Mimosa tenuiflora,Mimosa tenuiflora,0
Mimulus aurantiacus,Mimulus aurantiacus,0
Moltkiopsis ciliata,Moltkiopsis ciliata,0
Morus alba,Morus alba,0
Morus rubra,Morus rubra,0
Mouriri elliptica,Mouriri elliptica,0
Mulinum spinosum,Mulinum spinosum,0
Mutisia retusa,Mutisia retusa,0
Myrtus communis,Myrtus communis,0
Nanophyton erinaceum,Nanophyton erinaceum,0
Nassauvia glomerulosa,Nassauvia glomerulosa,0
Nectandra ambigens,Nectandra ambigens,0
Nemcia capitata,Nemcia capitata,0
Nitraria sibirica,Nitraria sibirica,0
Noaea mucronata,Noaea mucronata,0
Nolana mollis,Nolana mollis,0
Nolina texana,Nolina texana,0
Nolletia chrysocomoides,Nolletia chrysocomoides,0
Nothofagus antarctica,Nothofagus antarctica,0
Nothofagus dombeyi,Nothofagus dombeyi,0
Ochna pulchra,Ochna pulchra,0
Ochradenus baccatus,Ochradenus baccatus,0
Ononis spinosa,Ononis spinosa,0
Ormosia costulata,Ormosia costulata,0
Ostrya carpinifolia,Ostrya carpinifolia,0
Ostrya virginiana,Ostrya virginiana,0
Otholobium fruticans,Otholobium fruticans,0
Oxytropis aciphylla,Oxytropis aciphylla,0
Packera cana,Packera cana,0
Parinari curatellifolia,Parinari curatellifolia,0
Parkia biglobosa,Parkia biglobosa,0
Paronychia jamesii,Paronychia jamesii,0
Parrotia persica,Parrotia persica,0
Parthenium argentatum,Parthenium argentatum,0
Parthenium incanum,Parthenium incanum,0
Peltophorum africanum,Peltophorum africanum,0
Penstemon ambiguus,Penstemon ambiguus,0
Penstemon glaber,Penstemon glaber,0
Pericopsis angolensis,Pericopsis angolensis,0
Petrophile linearis,Petrophile linearis,0
Philenoptera violacea,Philenoptera violacea,0
Phlox longifolia,Phlox longifolia,0
Photinia arbutifolia,Photinia arbutifolia,0
Phyllanthus emblica,Phyllanthus emblica,0
Phyllota pleurandroides,Phyllota pleurandroides,0
Phyllota remota,Phyllota remota,0
Picea abies,Picea abies,0
Picea alcoquiana,Picea alcoquiana,0
Picea glauca,Picea glauca,0
Picea jezoensis,Picea jezoensis,0
Picea koyamae,Picea koyamae,0
Picea mariana,Picea mariana,0
Picea maximowiczii,Picea maximowiczii,0
Picea pungens,Picea pungens,0
Picea schrenkiana,Picea schrenkiana,0
Picea sitchensis,Picea sitchensis,0
Picea smithiana,Picea smithiana,0
Pimelea octophylla,Pimelea octophylla,0
Pinus banksiana,Pinus banksiana,0
Pinus bungeana,Pinus bungeana,0
Pinus caribaea,Pinus caribaea,0
Pinus cembra,Pinus cembra,0
Pinus contorta,Pinus contorta,0
Pinus densiflora,Pinus densiflora,0
Pinus echinata,Pinus echinata,0
Pinus edulis,Pinus edulis,0
Pinus elliottii,Pinus elliottii,0
Pinus jeffreyi,Pinus jeffreyi,0
Pinus koraiensis,Pinus koraiensis,0
Pinus luchuensis,Pinus luchuensis,0
Pinus mugo,Pinus mugo,0
Pinus nigra,Pinus nigra,0
Pinus palustris,Pinus palustris,0
Pinus patula,Pinus patula,0
Pinus pinaster,Pinus pinaster,0
Pinus ponderosa,Pinus ponderosa,0
Pinus pumila,Pinus pumila,0
Pinus radiata,Pinus radiata,0
Pinus resinosa,Pinus resinosa,0
Pinus rigida,Pinus rigida,0
Pinus strobus,Pinus strobus,0
Pinus sylvestris,Pinus sylvestris,0
Pinus taeda,Pinus taeda,0
Pinus thunbergii,Pinus thunbergii,0
Pinus wallichiana,Pinus wallichiana,0
Piper cordulatum,Piper cordulatum,0
Piptadenia obliqua,Piptadenia obliqua,0
Piptadeniastrum africanum,Piptadeniastrum africanum,0
Piptomeris floribunda,Piptomeris floribunda,0
Piptomeris furcellata,Piptomeris furcellata,0
Pistacia atlantica,Pistacia atlantica,0
Pistacia lentiscus,Pistacia lentiscus,0
Pistacia vera,Pistacia vera,0
Platanus occidentalis,Platanus occidentalis,0
Platanus orientalis,Platanus orientalis,0
Platycelyphium voense,Platycelyphium voense,0
Platycladus orientalis,Platycladus orientalis,0
Plectrocarpa rougesii,Plectrocarpa rougesii,0
Pluchea sericea,Pluchea sericea,0
Podocarpus macrophyllus,Podocarpus macrophyllus,0
Populus alba,Populus alba,0
Populus angustifolia,Populus angustifolia,0
Populus balsamifera,Populus balsamifera,0
Populus deltoides,Populus deltoides,0
Populus euphratica,Populus euphratica,0
Populus fremontii,Populus fremontii,0
Populus grandidentata,Populus grandidentata,0
Populus nigra,Populus nigra,0
Populus pruinosa,Populus pruinosa,0
Populus tremula,Populus tremula,0
Populus tremuloides,Populus tremuloides,0
Populus trichocarpa,Populus trichocarpa,0
Potentilla concinna,Potentilla concinna,0
Potentilla fruticosa,Potentilla fruticosa,0
Potentilla gracilis,Potentilla gracilis,0
Potentilla nitida,Potentilla nitida,0
Prioria copaifera,Prioria copaifera,0
Prosopis caldenia,Prosopis caldenia,0
Prosopis chilensis,Prosopis chilensis,0
Prosopis cineraria,Prosopis cineraria,0
Prosopis farcta,Prosopis farcta,0
Prosopis flexuosa,Prosopis flexuosa,0
Prosopis glandulosa,Prosopis glandulosa,0
Prosopis juliflora,Prosopis juliflora,0
Prosopis tamarugo,Prosopis tamarugo,0
Prosopis velutina,Prosopis velutina,0
Protea neriifolia,Protea neriifolia,0
Protea repens,Protea repens,0
Protium heptaphyllum,Protium heptaphyllum,0
Prunus americana,Prunus americana,0
Prunus armeniaca,Prunus armeniaca,0
Prunus avium,Prunus avium,0
Prunus mahaleb,Prunus mahaleb,0
Prunus padus,Prunus padus,0
Prunus persica,Prunus persica,0
Prunus pumila,Prunus pumila,0
Prunus spinosa,Prunus spinosa,0
Prunus virginiana,Prunus virginiana,0
Pseudolachnostylis maprouneifolia,Pseudolachnostylis maprouneifolia,0
Pseudotsuga menziesii,Pseudotsuga menziesii,0
Psilostrophe cooperi,Psilostrophe cooperi,0
Psorothamnus scoparius,Psorothamnus scoparius,0
Psychotria chagrensis,Psychotria chagrensis,0
Psychotria furcata,Psychotria furcata,0
Psychotria horizontalis,Psychotria horizontalis,0
Psychotria limonensis,Psychotria limonensis,0
Psychotria marginata,Psychotria marginata,0
Pterocarpus angolensis,Pterocarpus angolensis,0
Pterocarpus lucens,Pterocarpus lucens,0
Pulicaria crispa,Pulicaria crispa,0
Purshia tridentata,Purshia tridentata,0
Pyrethrum achilleifolium,Pyrethrum achilleifolium,0
Pyrus pyraster,Pyrus pyraster,0
Quercus agrifolia,Quercus agrifolia,0
Quercus alba,Quercus alba,0
Quercus cerris,Quercus cerris,0
Quercus chrysolepis,Quercus chrysolepis,0
Quercus dentata,Quercus dentata,0
Quercus douglasii,Quercus douglasii,0
Quercus dumosa,Quercus dumosa,0
Quercus fusiformis,Quercus fusiformis,0
Quercus gambelii,Quercus gambelii,0
Quercus ilex,Quercus ilex,0
Quercus kelloggii,Quercus kelloggii,0
Quercus lobata,Quercus lobata,0
Quercus macrocarpa,Quercus macrocarpa,0
Quercus montana,Quercus montana,0
Quercus myrtifolia,Quercus myrtifolia,0
Quercus nigra,Quercus nigra,0
Quercus petraea,Quercus petraea,0
Quercus pubescens,Quercus pubescens,0
Quercus pyrenaica,Quercus pyrenaica,0
Quercus robur,Quercus robur,0
Quercus rotundifolia,Quercus rotundifolia,0
Quercus rubra,Quercus rubra,0
Quercus sinuata,Quercus sinuata,0
Quercus stellata,Quercus stellata,0
Quercus suber,Quercus suber,0
Quercus turbinella,Quercus turbinella,0
Quercus velutina,Quercus velutina,0
Quillaja saponaria,Quillaja saponaria,0
Radermachera sinica,Radermachera sinica,0
Retama raetam,Retama raetam,0
Retama sphaerocarpa,Retama sphaerocarpa,0
Retanilla ephedra,Retanilla ephedra,0
Rhamnus cathartica,Rhamnus cathartica,0
Rhanterium suaveolens,Rhanterium suaveolens,0
Rhigozum trichotomum,Rhigozum trichotomum,0
Rhododendron ferrugineum,Rhododendron ferrugineum,0
Rhododendron hirsutum,Rhododendron hirsutum,0
Rhodothamnus chamaecistus,Rhodothamnus chamaecistus,0
Rhus glabra,Rhus glabra,0
Rhus trilobata,Rhus trilobata,0
Ribes cereum,Ribes cereum,0
Robinia neomexicana,Robinia neomexicana,0
Robinia pseudoacacia,Robinia pseudoacacia,0
Rosa arkansana,Rosa arkansana,0
Rosa blanda,Rosa blanda,0
Rosa carolina,Rosa carolina,0
Rosa nutkana,Rosa nutkana,0
Rosa pimpinellifolia,Rosa pimpinellifolia,0
Rosa setigera,Rosa setigera,0
Rosa spinosissima,Rosa spinosissima,0
Rosa woodsii,Rosa woodsii,0
Rosmarinus officinalis,Rosmarinus officinalis,0
Rubus allegheniensis,Rubus allegheniensis,0
Rubus deliciosus,Rubus deliciosus,0
Rubus ulmifolius,Rubus ulmifolius,0
Salix alba,Salix alba,0
Salix amygdaloides,Salix amygdaloides,0
Salix babylonica,Salix babylonica,0
Salix caprea,Salix caprea,0
Salix cinerea,Salix cinerea,0
Salix daphnoides,Salix daphnoides,0
Salix glabra,Salix glabra,0
Salix nigra,Salix nigra,0
Salix purpurea,Salix purpurea,0
Salix repens,Salix repens,0
Salix reticulata,Salix reticulata,0
Salix retusa,Salix retusa,0
Salix serpyllifolia,Salix serpyllifolia,0
Salsola aphylla,Salsola aphylla,0
Salsola arbuscula,Salsola arbuscula,0
Salsola foetida,Salsola foetida,0
Salsola gemmascens,Salsola gemmascens,0
Salsola laricifolia,Salsola laricifolia,0
Salsola orientalis,Salsola orientalis,0
Salsola paletzkiana,Salsola paletzkiana,0
Salsola passerina,Salsola passerina,0
Salsola richteri,Salsola richteri,0
Salsola tetrandra,Salsola tetrandra,0
Salsola vermiculata,Salsola vermiculata,0
Salsola villosa,Salsola villosa,0
Salvia apiana,Salvia apiana,0
Salvia dorrii,Salvia dorrii,0
Salvia mellifera,Salvia mellifera,0
Salvia officinalis,Salvia officinalis,0
Sambucus nigra,Sambucus nigra,0
Sambucus racemosa,Sambucus racemosa,0
Sapium haematospermum,Sapium haematospermum,0
Sarcobatus vermiculatus,Sarcobatus vermiculatus,0
Sassafras officinale,Sassafras officinale,0
Schaefferia cuneifolia,Schaefferia cuneifolia,0
Schinus johnstonii,Schinus johnstonii,0
Schinziophyton rautanenii,Schinziophyton rautanenii,0
Sciadopitys verticillata,Sciadopitys verticillata,0
Sclerocarya birrea,Sclerocarya birrea,0
Sclerostegia tenuis,Sclerostegia tenuis,0
Scutellaria resinosa,Scutellaria resinosa,0
Secamone punctulata,Secamone punctulata,0
Securidaca longipedunculata,Securidaca longipedunculata,0
Senecio filaginoides,Senecio filaginoides,0
Senna armata,Senna armata,0
Senna spectabilis,Senna spectabilis,0
Sequoia sempervirens,Sequoia sempervirens,0
Serenoa repens,Serenoa repens,0
Seriphidium sublessingianum,Seriphidium sublessingianum,0
Shepherdia argentea,Shepherdia argentea,0
Shorea robusta,Shorea robusta,0
Sindora coriacea,Sindora coriacea,0
Sipanea pratensis,Sipanea pratensis,0
Smilax rotundifolia,Smilax rotundifolia,0
Smirnowia turkestana,Smirnowia turkestana,0
Sorbus aria,Sorbus aria,0
Sorbus aucuparia,Sorbus aucuparia,0
Sorbus chamaemespilus,Sorbus chamaemespilus,0
Sorbus domestica,Sorbus domestica,0
Sorbus torminalis,Sorbus torminalis,0
Sphaeralcea coccinea,Sphaeralcea coccinea,0
Sphaeralcea hastulata,Sphaeralcea hastulata,0
Spiraea hypericifolia,Spiraea hypericifolia,0
Spondias mombin,Spondias mombin,0
Spondias purpurea,Spondias purpurea,0
Staphylea pinnata,Staphylea pinnata,0
Steganotaenia araliacea,Steganotaenia araliacea,0
Stenosiphon linifolius,Stenosiphon linifolius,0
Stirlingia latifolia,Stirlingia latifolia,0
Strychnos cocculoides,Strychnos cocculoides,0
Strychnos innocua,Strychnos innocua,0
Strychnos pungens,Strychnos pungens,0
Stryphnodendron adstringens,Stryphnodendron adstringens,0
Styrax foveolaria,Styrax foveolaria,0
Suaeda asphaltica,Suaeda asphaltica,0
Suaeda divaricata,Suaeda divaricata,0
Suaeda microphylla,Suaeda microphylla,0
Suaeda palaestina,Suaeda palaestina,0
Suaeda physophora,Suaeda physophora,0
Sympegma regelii,Sympegma regelii,0
Symphoricarpos orbiculatus,Symphoricarpos orbiculatus,0
Symphoricarpos vulgaris,Symphoricarpos vulgaris,0
Symplocos cochinchinensis,Symplocos cochinchinensis,0
Syzygium guineense,Syzygium guineense,0
Tabebuia aurea,Tabebuia aurea,0
Tabebuia heterophylla,Tabebuia heterophylla,0
Tamarix aphylla,Tamarix aphylla,0
Tamarix gallica,Tamarix gallica,0
Tamarix ramosissima,Tamarix ramosissima,0
Tamarix taklamakanensis,Tamarix taklamakanensis,0
Taxodium distichum,Taxodium distichum,0
Taxus baccata,Taxus baccata,0
Taxus cuspidata,Taxus cuspidata,0
Tecomella undulata,Tecomella undulata,0
Tectona grandis,Tectona grandis,0
Terminalia brachystemma,Terminalia brachystemma,0
Terminalia mollis,Terminalia mollis,0
Terminalia sericea,Terminalia sericea,0
Ternstroemia punctata,Ternstroemia punctata,0
Tetradymia axillaris,Tetradymia axillaris,0
Tetragastris panamensis,Tetragastris panamensis,0
Tetragonia reduplicata,Tetragonia reduplicata,0
Thamnosma montana,Thamnosma montana,0
Thuja occidentalis,Thuja occidentalis,0
Thuja plicata,Thuja plicata,0
Thuja standishii,Thuja standishii,0
Thymelaea hirsuta,Thymelaea hirsuta,0
Tibouchina aspera,Tibouchina aspera,0
Tilia americana,Tilia americana,0
Tilia cordata,Tilia cordata,0
Tilia platyphyllos,Tilia platyphyllos,0
Torreya nucifera,Torreya nucifera,0
Toxicodendron radicans,Toxicodendron radicans,0
Trianthema hereroensis,Trianthema hereroensis,0
Tribulus zeyheri,Tribulus zeyheri,0
Trichilia tuberculata,Trichilia tuberculata,0
Trichostigma octandrum,Trichostigma octandrum,0
Triumfetta amuletum,Triumfetta amuletum,0
Tsuga canadensis,Tsuga canadensis,0
Tsuga heterophylla,Tsuga heterophylla,0
Tsuga sieboldii,Tsuga sieboldii,0
Uapaca kirkiana,Uapaca kirkiana,0
Uapaca nitida,Uapaca nitida,0
Ulex europaeus,Ulex europaeus,0
Ulmus americana,Ulmus americana,0
Ulmus crassifolia,Ulmus crassifolia,0
Ulmus glabra,Ulmus glabra,0
Ulmus laevis,Ulmus laevis,0
Ulmus minor,Ulmus minor,0
Ulmus pumila,Ulmus pumila,0
Ulmus rubra,Ulmus rubra,0
Vaccinium angustifolium,Vaccinium angustifolium,0
Vaccinium myrtilloides,Vaccinium myrtilloides,0
Vaccinium myrtillus,Vaccinium myrtillus,0
Vaccinium uliginosum,Vaccinium uliginosum,0
Vaccinium vitis-idaea,Vaccinium vitis-idaea,0
Viburnum lantana,Viburnum lantana,0
Viburnum opulus,Viburnum opulus,0
Vismia japurensis,Vismia japurensis,0
Vismia macrophylla,Vismia macrophylla,0
Vismia tomentosa,Vismia tomentosa,0
Vitellaria paradoxa,Vitellaria paradoxa,0
Vitis vulpina,Vitis vulpina,0
Weinmannia loxensis,Weinmannia loxensis,0
Whipplea modesta,Whipplea modesta,0
Xanthophyllum flavescens,Xanthophyllum flavescens,0
Xanthorrhoea australis,Xanthorrhoea australis,0
Yucca angustissima,Yucca angustissima,0
Yucca elata,Yucca elata,0
Yucca glauca,Yucca glauca,0
Yucca schidigera,Yucca schidigera,0
Zanthoxylum americanum,Zanthoxylum americanum,0
Zanthoxylum fagara,Zanthoxylum fagara,0
Zanthoxylum rigidum,Zanthoxylum rigidum,0
Zilla spinosa,Zilla spinosa,0
Zinnia acerosa,Zinnia acerosa,0
Zinnia grandiflora,Zinnia grandiflora,0
Ziziphus abyssinica,Ziziphus abyssinica,0
Ziziphus mucronata,Ziziphus mucronata,0
Ziziphus nummularia,Ziziphus nummularia,0
Ziziphus obtusifolia,Ziziphus obtusifolia,0
Ziziphus parryi,Ziziphus parryi,0
Zygophyllum clavatum,Zygophyllum clavatum,0
Zygophyllum coccineum,Zygophyllum coccineum,0
Zygophyllum dumosum,Zygophyllum dumosum,0
Zygophyllum prismatocarpum,Zygophyllum prismatocarpum,0
Zygophyllum xanthoxylon,Zygophyllum xanthoxylon,0
